,personUri,personLabel,birthYear,gender,countries,continents,occupations,fields
0,http://www.wikidata.org/entity/Q118185981,Anastasia Lenkova,1995,female,Belarus,Europe,,
1,http://www.wikidata.org/entity/Q268912,Mary Ellen Weber,1962,female,United States,North America,,
2,http://www.wikidata.org/entity/Q56725368,Hazza Al Mansouri,1983,male,United Arab Emirates,Asia,,
3,http://www.wikidata.org/entity/Q197135,Zhai Zhigang,1966,male,People's Republic of China,Asia,,
4,http://www.wikidata.org/entity/Q235580,Claudie Haigneré,1957,female,France,Europe,,
5,http://www.wikidata.org/entity/Q3501233,Konstantin Valkov,1971,male,Russia,Europe,,
6,http://www.wikidata.org/entity/Q720160,John M. Fabian,1939,male,United States,North America,,
7,http://www.wikidata.org/entity/Q555679,Aleksandr Skvortsov,1966,male,Russia,Europe,,
8,http://www.wikidata.org/entity/Q1371854,Michael R. Clifford,1952,male,United States,North America,,
9,http://www.wikidata.org/entity/Q574124,Anthony W. England,1942,male,United States,North America,,
10,http://www.wikidata.org/entity/Q14946486,Michael Warren Booen,1957,male,United States,North America,,
11,http://www.wikidata.org/entity/Q24176135,Larry Connor,1950,male,United States,North America,,
12,http://www.wikidata.org/entity/Q128996430,Chun Wang,1982,male,"People's Republic of China, Malta","Asia, Europe",,
13,http://www.wikidata.org/entity/Q2036753,Robert C. Springer,1942,male,United States,North America,,
14,http://www.wikidata.org/entity/Q227030,Mark Shuttleworth,1973,male,"United Kingdom, South Africa","Europe, Africa",,
15,http://www.wikidata.org/entity/Q466483,Aleksandr Pavlovich Aleksandrov,1943,male,Soviet Union,"Asia, Europe",,
16,http://www.wikidata.org/entity/Q1866915,L. Blaine Hammond,1952,male,United States,North America,,
17,http://www.wikidata.org/entity/Q57059308,Meganne Christian,1987,female,"Australia, Italy, United Kingdom, New Zealand","Oceania, Europe",,
18,http://www.wikidata.org/entity/Q3391832,Jesús Calleja,1965,male,Spain,Europe,,
19,http://www.wikidata.org/entity/Q536632,Paul J. Weitz,1932,male,United States,North America,,
20,http://www.wikidata.org/entity/Q13519676,Nikolai Tikhonov,1982,male,Russia,Europe,,
21,http://www.wikidata.org/entity/Q709634,Valery Korzun,1953,male,Russia,Europe,,
22,http://www.wikidata.org/entity/Q41606,Kathryn P. Hire,1959,female,United States,North America,,
23,http://www.wikidata.org/entity/Q30157819,Kayla Barron,1987,female,United States,North America,,
24,http://www.wikidata.org/entity/Q41575,Susan J. Helms,1958,female,United States,North America,,
25,http://www.wikidata.org/entity/Q106460806,Nora Al Matrooshi,1993,female,United Arab Emirates,Asia,,
26,http://www.wikidata.org/entity/Q507046,Owen K. Garriott,1930,male,United States,North America,,
27,http://www.wikidata.org/entity/Q4831087,Aydyn Aimbetov,1972,male,Kazakhstan,Asia,,
28,http://www.wikidata.org/entity/Q214974,Klaus-Dietrich Flade,1952,male,Germany,Europe,,
29,http://www.wikidata.org/entity/Q708489,Yury Onufriyenko,1961,male,"Russia, Ukraine",Europe,,
30,http://www.wikidata.org/entity/Q95163396,Otakar Šaffek,1932,male,Czechoslovakia,Europe,,
31,http://www.wikidata.org/entity/Q215009,Gerhard Thiele,1953,male,Germany,Europe,,
32,http://www.wikidata.org/entity/Q1338348,Thomas David Jones,1955,male,United States,North America,,
33,http://www.wikidata.org/entity/Q362220,Alan G. Poindexter,1961,male,United States,North America,,
34,http://www.wikidata.org/entity/Q36245,Roger Boisjoly,1938,male,United States,North America,,
35,http://www.wikidata.org/entity/Q464166,Kathryn D. Sullivan,1951,female,United States,North America,,
36,http://www.wikidata.org/entity/Q720172,Terry Hart,1946,male,United States,North America,,
37,http://www.wikidata.org/entity/Q3476196,Scott D. Tingle,1965,male,United States,North America,,
38,http://www.wikidata.org/entity/Q3479150,Serena M. Auñón-Chancellor,1976,female,United States,North America,,
39,http://www.wikidata.org/entity/Q465724,Anatoly Berezovoy,1942,male,"Russia, Soviet Union","Europe, Asia",,
40,http://www.wikidata.org/entity/Q27336250,Chen Dong,1978,male,People's Republic of China,Asia,,
41,http://www.wikidata.org/entity/Q975217,Sergey Revin,1966,male,Russia,Europe,,
42,http://www.wikidata.org/entity/Q360038,Valeri Rozhdestvenski,1939,male,Soviet Union,"Asia, Europe",,
43,http://www.wikidata.org/entity/Q105201181,John Shoffner,1955,male,United States,North America,,
44,http://www.wikidata.org/entity/Q1334023,Ronald M. Sega,1952,male,United States,North America,,
45,http://www.wikidata.org/entity/Q45139,Paul Lockhart,1956,male,United States,North America,,
46,http://www.wikidata.org/entity/Q1065133,Charles J. Precourt,1955,male,United States,North America,,
47,http://www.wikidata.org/entity/Q1338950,Roy D. Bridges Jr.,1943,male,United States,North America,,
48,http://www.wikidata.org/entity/Q215142,Ulrich Walter,1954,male,Germany,Europe,,
49,http://www.wikidata.org/entity/Q16297,William Shatner,1931,male,"Canada, United States",North America,,
50,http://www.wikidata.org/entity/Q104865,Vladimir Komarov,1927,male,Soviet Union,"Asia, Europe",,
51,http://www.wikidata.org/entity/Q345658,Vladislav Volkov,1935,male,Soviet Union,"Asia, Europe",,
52,http://www.wikidata.org/entity/Q50379793,Aleksej Homenčuk,1975,male,Russia,Europe,,
53,http://www.wikidata.org/entity/Q147581,Yang Liwei,1965,male,People's Republic of China,Asia,,
54,http://www.wikidata.org/entity/Q1246221,Ravish Malhotra,1943,male,India,Asia,,
55,http://www.wikidata.org/entity/Q461860,Douglas H. Wheelock,1960,male,United States,North America,,
56,http://www.wikidata.org/entity/Q115388093,Anthea Comellini,1992,female,Italy,Europe,,
57,http://www.wikidata.org/entity/Q69110,Ernst Stuhlinger,1913,male,"United States, Germany","North America, Europe",,
58,http://www.wikidata.org/entity/Q465748,Aleksei Gubarev,1931,male,"Russia, Soviet Union","Europe, Asia",,
59,http://www.wikidata.org/entity/Q110450,Wally Schirra,1923,male,United States,North America,,
60,http://www.wikidata.org/entity/Q725339,Brent W. Jett,1958,male,United States,North America,,
61,http://www.wikidata.org/entity/Q115387945,Sławosz Uznański-Wiśniewski,1984,male,Poland,Europe,,
62,http://www.wikidata.org/entity/Q58914114,Rosemary Coogan,1991,female,United Kingdom,Europe,,
63,http://www.wikidata.org/entity/Q1372222,Michael J. McCulley,1943,male,United States,North America,,
64,http://www.wikidata.org/entity/Q116765320,Rayyanah Barnawi,1988,female,Saudi Arabia,Asia,,
65,http://www.wikidata.org/entity/Q3270358,Curt Michel,1934,male,United States,North America,,
66,http://www.wikidata.org/entity/Q7325625,Richard Farrimond,1947,male,United Kingdom,Europe,,
67,http://www.wikidata.org/entity/Q1122204,Michael J. Adams,1930,male,United States,North America,,
68,http://www.wikidata.org/entity/Q6160001,Jared Isaacman,1983,male,United States,North America,,
69,http://www.wikidata.org/entity/Q63610,Robert Satcher,1965,male,United States,North America,,
70,http://www.wikidata.org/entity/Q99495235,Carmen Possnig,1988,female,Austria,Europe,,
71,http://www.wikidata.org/entity/Q708452,Aleksandr Laveykin,1951,male,Soviet Union,"Asia, Europe",,
72,http://www.wikidata.org/entity/Q106286882,Christopher Sembroski,1979,male,United States,North America,,
73,http://www.wikidata.org/entity/Q21088066,Anatoly Abramov,1919,male,"Soviet Union, Russia","Asia, Europe",,
74,http://www.wikidata.org/entity/Q125575516,Li Cong,1989,male,People's Republic of China,Asia,,
75,http://www.wikidata.org/entity/Q260329,Joseph R. Tanner,1950,male,United States,North America,,
76,http://www.wikidata.org/entity/Q234306,Chiaki Mukai,1952,female,Japan,Asia,,
77,http://www.wikidata.org/entity/Q3030934,Michael S. Hopkins,1968,male,United States,North America,,
78,http://www.wikidata.org/entity/Q12865,Bertalan Farkas,1949,male,Hungary,Europe,,
79,http://www.wikidata.org/entity/Q1266359,Philippe Perrin,1963,male,France,Europe,,
80,http://www.wikidata.org/entity/Q21106378,Denis Matveev,1983,male,Russia,Europe,,
81,http://www.wikidata.org/entity/Q110916349,Anna Menon,1985,female,United States,North America,,
82,http://www.wikidata.org/entity/Q461777,Timothy Creamer,1959,male,United States,North America,,
83,http://www.wikidata.org/entity/Q722513,Daniel Brandenstein,1943,male,United States,North America,,
84,http://www.wikidata.org/entity/Q5112759,Christopher Loria,1960,male,United States,North America,,
85,http://www.wikidata.org/entity/Q513131,Kenneth Cockrell,1950,male,United States,North America,,
86,http://www.wikidata.org/entity/Q468258,Toktar Aubakirov,1946,male,"Kazakhstan, Soviet Union","Asia, Europe",,
87,http://www.wikidata.org/entity/Q557585,Stephen Robinson,1955,male,United States,North America,,
88,http://www.wikidata.org/entity/Q15117265,István György Nagy,1904,male,Hungary,Europe,,
89,http://www.wikidata.org/entity/Q49064,Sandra Magnus,1964,female,United States,North America,,
90,http://www.wikidata.org/entity/Q708395,Joseph A. Walker,1921,male,United States,North America,,
91,http://www.wikidata.org/entity/Q362998,Gennady Padalka,1958,male,"Russia, Soviet Union","Europe, Asia",,
92,http://www.wikidata.org/entity/Q316417,Thomas P. Stafford,1930,male,United States,North America,,
93,http://www.wikidata.org/entity/Q2620784,Robert Michael White,1924,male,United States,North America,,
94,http://www.wikidata.org/entity/Q463086,Stephen Bowen,1964,male,United States,North America,,
95,http://www.wikidata.org/entity/Q4340519,Dmitry Okhotsimsky,1921,male,"Soviet Union, Russia","Asia, Europe",,
96,http://www.wikidata.org/entity/Q112284,Charles Duke,1935,male,United States,North America,,
97,http://www.wikidata.org/entity/Q472491,Gennadi Sarafanov,1942,male,Soviet Union,"Asia, Europe",,
98,http://www.wikidata.org/entity/Q74015,Dorothy M. Metcalf-Lindenburger,1975,female,United States,North America,,
99,http://www.wikidata.org/entity/Q29618,Bonnie J. Dunbar,1949,female,United States,North America,,
100,http://www.wikidata.org/entity/Q728371,Vasily Tsibliyev,1954,male,Russia,Europe,,
101,http://www.wikidata.org/entity/Q448320,David Saint-Jacques,1970,male,Canada,North America,,
102,http://www.wikidata.org/entity/Q1371840,Richard A. Searfoss,1956,male,United States,North America,,
103,http://www.wikidata.org/entity/Q357510,Mark Kelly,1964,male,United States,North America,,
104,http://www.wikidata.org/entity/Q461840,Jing Haipeng,1966,male,People's Republic of China,Asia,,
105,http://www.wikidata.org/entity/Q48998,Susan Kilrain,1961,female,United States,North America,,
106,http://www.wikidata.org/entity/Q471486,Viktor Afanasyev,1948,male,"Russia, Soviet Union","Europe, Asia",,
107,http://www.wikidata.org/entity/Q108710624,Glen de Vries,1972,male,United States,North America,,
108,http://www.wikidata.org/entity/Q261731,Yevgeny Tarelkin,1974,male,Russia,Europe,,
109,http://www.wikidata.org/entity/Q14948500,Robert Jackson Wood,1957,male,United States,North America,,
110,http://www.wikidata.org/entity/Q5975489,Kimiya Yui,1970,male,Japan,Asia,,
111,http://www.wikidata.org/entity/Q528943,Guion Bluford,1942,male,United States,North America,,
112,http://www.wikidata.org/entity/Q318934,Joseph M. Acaba,1967,male,United States,North America,,
113,http://www.wikidata.org/entity/Q28540326,Matthias Maurer,1970,male,Germany,Europe,,
114,http://www.wikidata.org/entity/Q63594,Bùi Thanh Liêm,1949,male,Vietnam,Asia,,
115,http://www.wikidata.org/entity/Q41632,Marsha Ivins,1951,female,United States,North America,,
116,http://www.wikidata.org/entity/Q29650,Charles O. Hobaugh,1961,male,United States,North America,,
117,http://www.wikidata.org/entity/Q265261,Janet L. Kavandi,1959,female,United States,North America,,
118,http://www.wikidata.org/entity/Q17593757,Alexander Jabloncev,1955,male,"Soviet Union, Russia","Asia, Europe",,
119,http://www.wikidata.org/entity/Q460440,William R. Pogue,1930,male,United States,North America,,
120,http://www.wikidata.org/entity/Q1904202,Martin J. Fettman,1956,male,United States,North America,,
121,http://www.wikidata.org/entity/Q507894,Andy Thomas,1951,male,"United States, Australia","North America, Oceania",,
122,http://www.wikidata.org/entity/Q2720489,John B. McKay,1922,male,United States,North America,,
123,http://www.wikidata.org/entity/Q447304,Rex J. Walheim,1962,male,United States,North America,,
124,http://www.wikidata.org/entity/Q706899,Nicholas Patrick,1964,male,United States,North America,,
125,http://www.wikidata.org/entity/Q363976,Jack R. Lousma,1936,male,United States,North America,,
126,http://www.wikidata.org/entity/Q109490108,Oleg Platonov,1986,male,Russia,Europe,,
127,http://www.wikidata.org/entity/Q9364420,Chen Quan,1963,male,People's Republic of China,Asia,,
128,http://www.wikidata.org/entity/Q491064,Ronald J. Grabe,1945,male,United States,North America,,
129,http://www.wikidata.org/entity/Q440266,Dominic A. Antonelli,1967,male,United States,North America,,
130,http://www.wikidata.org/entity/Q110879,Gus Grissom,1926,male,United States,North America,,
131,http://www.wikidata.org/entity/Q13500735,Andrew R. Morgan,1976,male,United States,North America,,
132,http://www.wikidata.org/entity/Q49035,Wendy B. Lawrence,1959,female,United States,North America,,
133,http://www.wikidata.org/entity/Q116765522,Ali AlQarni,1992,male,Saudi Arabia,Asia,,
134,http://www.wikidata.org/entity/Q317643,Marcos Pontes,1963,male,Brazil,South America,,
135,http://www.wikidata.org/entity/Q1687593,Jeremy Hansen,1976,male,Canada,North America,,
136,http://www.wikidata.org/entity/Q57229,Sigmund Jähn,1937,male,"German Democratic Republic, Germany",Europe,,
137,http://www.wikidata.org/entity/Q718630,James P. Bagian,1952,male,United States,North America,,
138,http://www.wikidata.org/entity/Q539385,Alfred Worden,1932,male,United States,North America,,
139,http://www.wikidata.org/entity/Q649109,James C. Adamson,1946,male,United States,North America,,
140,http://www.wikidata.org/entity/Q4196202,Leonid Ivanov,1950,male,Soviet Union,"Asia, Europe",,
141,http://www.wikidata.org/entity/Q312474,Andriyan Nikolayev,1929,male,"Russia, Soviet Union","Europe, Asia",,
142,http://www.wikidata.org/entity/Q107247663,Q107247663,1965,male,Egypt,Africa,,
143,http://www.wikidata.org/entity/Q6465717,Q6465717,1922,male,"United States, Second Polish Republic, Byelorussian Soviet Socialist Republic","North America, Europe",,
144,http://www.wikidata.org/entity/Q6695979,Luca Urbani,1957,male,Italy,Europe,,
145,http://www.wikidata.org/entity/Q1339046,Michel Tognini,1949,male,France,Europe,,
146,http://www.wikidata.org/entity/Q219569,Ilan Ramon,1954,male,Israel,Asia,,
147,http://www.wikidata.org/entity/Q971200,James A. Pawelczyk,1960,male,"United States, Poland","North America, Europe",,
148,http://www.wikidata.org/entity/Q109491693,Yury Prikhod'ko,1953,male,Russia,Europe,,
149,http://www.wikidata.org/entity/Q918798,Mike Melvill,1940,male,"United States, South Africa","North America, Africa",,
150,http://www.wikidata.org/entity/Q471380,Dafydd Williams,1954,male,Canada,North America,,
151,http://www.wikidata.org/entity/Q17426771,Gleb Maksimov,1926,male,"Soviet Union, Russia","Asia, Europe",,
152,http://www.wikidata.org/entity/Q461807,Maksim Surayev,1972,male,"Russia, Soviet Union","Europe, Asia",,
153,http://www.wikidata.org/entity/Q104076823,Jaison Robinson,1980,male,United States,North America,,
154,http://www.wikidata.org/entity/Q442233,Richard H. Truly,1937,male,United States,North America,,
155,http://www.wikidata.org/entity/Q45082,John Herrington,1958,male,United States,North America,,
156,http://www.wikidata.org/entity/Q447311,Anatoly Yakovlevich Solovyev,1948,male,"Russia, Soviet Union","Europe, Asia",,
157,http://www.wikidata.org/entity/Q2252,Buzz Aldrin,1930,male,United States,North America,,
158,http://www.wikidata.org/entity/Q362902,Arnaldo Tamayo Méndez,1942,male,Cuba,North America,,
159,http://www.wikidata.org/entity/Q470193,Boris Chertok,1912,male,"Russia, Russian Empire, Soviet Union","Europe, North America, Eurasia, Asia",,
160,http://www.wikidata.org/entity/Q115388560,Marco Sieber,1989,male,Switzerland,Europe,,
161,http://www.wikidata.org/entity/Q353687,Pham Tuan,1947,male,Vietnam,Asia,,
162,http://www.wikidata.org/entity/Q520334,Mikhail Korniyenko,1960,male,Russia,Europe,,
163,http://www.wikidata.org/entity/Q130720158,Wang Haoze,1990,female,People's Republic of China,Asia,,
164,http://www.wikidata.org/entity/Q120793,Douglas G. Hurley,1966,male,United States,North America,,
165,http://www.wikidata.org/entity/Q109490152,Q109490152,1986,male,Russia,Europe,,
166,http://www.wikidata.org/entity/Q107667,John Young,1930,male,United States,North America,,
167,http://www.wikidata.org/entity/Q1009884,German Szemjonovics Arzamazov,1946,male,Russia,Europe,,
168,http://www.wikidata.org/entity/Q426836,Dale Gardner,1948,male,United States,North America,,
169,http://www.wikidata.org/entity/Q16518418,Charles R. Chappell,1943,male,United States,North America,,
170,http://www.wikidata.org/entity/Q704554,Li Qinglong,1962,male,People's Republic of China,Asia,,
171,http://www.wikidata.org/entity/Q118490,Pavel Popovich,1930,male,"Russia, Ukraine, Soviet Union","Europe, Asia",,
172,http://www.wikidata.org/entity/Q433337,Linda M. Godwin,1952,female,United States,North America,,
173,http://www.wikidata.org/entity/Q1394857,Luca Parmitano,1976,male,Italy,Europe,,
174,http://www.wikidata.org/entity/Q466513,Vladimir Dzhanibekov,1942,male,"Russia, Soviet Union","Europe, Asia",,
175,http://www.wikidata.org/entity/Q498775,Robert L. Gibson,1946,male,United States,North America,,
176,http://www.wikidata.org/entity/Q704639,Rodolfo Neri Vela,1952,male,Mexico,North America,,
177,http://www.wikidata.org/entity/Q955842,Albert Scott Crossfield,1921,male,United States,North America,,
178,http://www.wikidata.org/entity/Q4795114,Jessica Meir,1977,female,"United States, Sweden","North America, Europe",,
179,http://www.wikidata.org/entity/Q562168,Eugene H. Trinh,1950,male,"United States, Vietnam","North America, Asia",,
180,http://www.wikidata.org/entity/Q315737,Robert Crippen,1937,male,United States,North America,,
181,http://www.wikidata.org/entity/Q70853,Eberhard Köllner,1939,male,"Germany, German Democratic Republic",Europe,,
182,http://www.wikidata.org/entity/Q3329196,Sergey Ryazansky,1974,male,Russia,Europe,,
183,http://www.wikidata.org/entity/Q487984,Anatoly Artsebarsky,1956,male,"Russia, Soviet Union","Europe, Asia",,
184,http://www.wikidata.org/entity/Q289337,Kathryn C. Thornton,1952,female,United States,North America,,
185,http://www.wikidata.org/entity/Q7454059,Sergey Ryzhikov,1974,male,Russia,Europe,,
186,http://www.wikidata.org/entity/Q471513,John Danny Olivas,1966,male,United States,North America,,
187,http://www.wikidata.org/entity/Q1545374,Gregory J. Harbaugh,1956,male,United States,North America,,
188,http://www.wikidata.org/entity/Q1240263,Donald R. McMonagle,1952,male,United States,North America,,
189,http://www.wikidata.org/entity/Q221615,Aleksandr Viktorenko,1947,male,Russia,Europe,,
190,http://www.wikidata.org/entity/Q717641,Loren Shriver,1944,male,United States,North America,,
191,http://www.wikidata.org/entity/Q1100024,Clemens Lothaller,1963,male,Austria,Europe,,
192,http://www.wikidata.org/entity/Q708689,Vladimir Vasyutin,1952,male,Soviet Union,"Asia, Europe",,
193,http://www.wikidata.org/entity/Q446243,Millie Hughes-Fulford,1945,female,United States,North America,,
194,http://www.wikidata.org/entity/Q448520,Roberto Vittori,1964,male,Italy,Europe,,
195,http://www.wikidata.org/entity/Q706916,Satoshi Furukawa,1964,male,Japan,Asia,,
196,http://www.wikidata.org/entity/Q540379,Michael Foale,1957,male,"United States, United Kingdom","North America, Europe",,
197,http://www.wikidata.org/entity/Q446720,Yury Romanenko,1944,male,"Russia, Soviet Union","Europe, Asia",,
198,http://www.wikidata.org/entity/Q432752,Valeri Kubasov,1935,male,"Russia, Soviet Union","Europe, Asia",,
199,http://www.wikidata.org/entity/Q357450,Soichi Noguchi,1965,male,Japan,Asia,,
200,http://www.wikidata.org/entity/Q719921,S. David Griggs,1939,male,United States,North America,,
201,http://www.wikidata.org/entity/Q3492123,Yelena Serova,1976,female,"Soviet Union, Russia","Asia, Europe",,
202,http://www.wikidata.org/entity/Q1338436,Robert D. Cabana,1949,male,United States,North America,,
203,http://www.wikidata.org/entity/Q649154,Georgy Babakin,1914,male,"Soviet Union, Russian Empire","Asia, Europe, North America, Eurasia",,
204,http://www.wikidata.org/entity/Q116945717,Makoto Suwa,1970,male,Japan,Asia,,
205,http://www.wikidata.org/entity/Q21154027,Sergey Prokopyev,1975,male,Russia,Europe,,
206,http://www.wikidata.org/entity/Q382013,Gregory Jarvis,1944,male,United States,North America,,
207,http://www.wikidata.org/entity/Q537279,Steven Swanson,1960,male,United States,North America,,
208,http://www.wikidata.org/entity/Q470059,Liu Wang,1969,male,People's Republic of China,Asia,,
209,http://www.wikidata.org/entity/Q32538663,Jenni Sidey-Gibbons,1988,female,Canada,North America,,
210,http://www.wikidata.org/entity/Q347977,Fyodor Yurchikhin,1959,male,Russia,Europe,,
211,http://www.wikidata.org/entity/Q495632,Richard E. Lawyer,1932,male,United States,North America,,
212,http://www.wikidata.org/entity/Q4098485,Eduard Buynovski,1936,male,Soviet Union,"Asia, Europe",,
213,http://www.wikidata.org/entity/Q118114238,Sergej Teterjatnikov,1988,male,Russia,Europe,,
214,http://www.wikidata.org/entity/Q2501394,Ary Abramovich Sternfeld,1905,male,"Poland, Soviet Union","Europe, Asia",,
215,http://www.wikidata.org/entity/Q15114656,Joseph Markel Prahl,1943,male,United States,North America,,
216,http://www.wikidata.org/entity/Q375659,Oleg Kononenko,1964,male,"Russia, Turkmenistan","Europe, Asia",,
217,http://www.wikidata.org/entity/Q382247,Scott Altman,1959,male,United States,North America,,
218,http://www.wikidata.org/entity/Q1174171,Charles Edward Jones,1952,male,United States,North America,,
219,http://www.wikidata.org/entity/Q501697,John M. Lounge,1946,male,United States,North America,,
220,http://www.wikidata.org/entity/Q14931491,Mary Helen Johnston,1945,female,United States,North America,,
221,http://www.wikidata.org/entity/Q360060,Leonid Kizim,1941,male,"Russia, Ukrainian Soviet Socialist Republic",Europe,,
222,http://www.wikidata.org/entity/Q16521492,Laurence Retman Young,1935,male,United States,North America,,
223,http://www.wikidata.org/entity/Q493699,Paul Scully-Power,1944,male,"United States, Australia","North America, Oceania",,
224,http://www.wikidata.org/entity/Q342953,Yuri Malenchenko,1961,male,"Russia, Soviet Union","Europe, Asia",,
225,http://www.wikidata.org/entity/Q1282566,John S. Bull,1934,male,United States,North America,,
226,http://www.wikidata.org/entity/Q521395,Mamoru Mohri,1948,male,Japan,Asia,,
227,http://www.wikidata.org/entity/Q431006,Viktor Savinykh,1940,male,"Russia, Soviet Union","Europe, Asia",,
228,http://www.wikidata.org/entity/Q25011,Charles Bolden,1946,male,United States,North America,,
229,http://www.wikidata.org/entity/Q727902,Sergei Treshchov,1958,male,Russia,Europe,,
230,http://www.wikidata.org/entity/Q12814990,Krasimir Stojanow,1961,male,Bulgaria,Europe,,
231,http://www.wikidata.org/entity/Q720351,David M. Walker,1944,male,United States,North America,,
232,http://www.wikidata.org/entity/Q345288,Aleksandr Kaleri,1956,male,"Russia, Soviet Union","Europe, Asia",,
233,http://www.wikidata.org/entity/Q451259,Yury Artyukhin,1930,male,Soviet Union,"Asia, Europe",,
234,http://www.wikidata.org/entity/Q109968900,Jack Hathaway,1982,male,United States,North America,,
235,http://www.wikidata.org/entity/Q535157,Valentin Lebedev,1942,male,"Russia, Soviet Union","Europe, Asia",,
236,http://www.wikidata.org/entity/Q1373573,William A. Pailes,1952,male,United States,North America,,
237,http://www.wikidata.org/entity/Q1494855,Gary Payton,1948,male,United States,North America,,
238,http://www.wikidata.org/entity/Q1899032,"Mario Runco, Jr.",1952,male,United States,North America,,
239,http://www.wikidata.org/entity/Q56486505,Sultan Al Niadi,1981,male,United Arab Emirates,Asia,,
240,http://www.wikidata.org/entity/Q1407313,Terence T. Henricks,1952,male,United States,North America,,
241,http://www.wikidata.org/entity/Q375065,Stuart Roosa,1933,male,United States,North America,,
242,http://www.wikidata.org/entity/Q709921,William S. McArthur,1951,male,United States,North America,,
243,http://www.wikidata.org/entity/Q1064149,Charles D. Gemar,1955,male,United States,North America,,
244,http://www.wikidata.org/entity/Q215002,Ernst Messerschmid,1945,male,Germany,Europe,,
245,http://www.wikidata.org/entity/Q457064,Roman Romanenko,1971,male,"Russia, Soviet Union","Europe, Asia",,
246,http://www.wikidata.org/entity/Q344892,Fei Junlong,1965,male,People's Republic of China,Asia,,
247,http://www.wikidata.org/entity/Q916497,Zenon Jankowski,1937,male,Poland,Europe,,
248,http://www.wikidata.org/entity/Q9601011,Aleksey Boroday,1947,male,"Soviet Union, Russia","Asia, Europe",,
249,http://www.wikidata.org/entity/Q488043,Anatoly Filipchenko,1928,male,"Russia, Soviet Union","Europe, Asia",,
250,http://www.wikidata.org/entity/Q449706,Donn F. Eisele,1930,male,United States,North America,,
251,http://www.wikidata.org/entity/Q461795,Robert Thirsk,1953,male,Canada,North America,,
252,http://www.wikidata.org/entity/Q13484630,Josh A. Cassada,1973,male,United States,North America,,
253,http://www.wikidata.org/entity/Q798166,James H. Newman,1956,male,United States,North America,,
254,http://www.wikidata.org/entity/Q232692,Naoko Yamazaki,1970,female,Japan,Asia,,
255,http://www.wikidata.org/entity/Q573719,Winston E. Scott,1950,male,United States,North America,,
256,http://www.wikidata.org/entity/Q12839609,Fuad Hacızadə,1952,male,Azerbaijan,Asia,,
257,http://www.wikidata.org/entity/Q4798535,Arthur E. Bryson,1925,male,United States,North America,,
258,http://www.wikidata.org/entity/Q26837347,Mikhail Lisun,1935,male,Soviet Union,"Asia, Europe",,
259,http://www.wikidata.org/entity/Q358437,Bill Nelson,1942,male,United States,North America,,
260,http://www.wikidata.org/entity/Q130720159,Song Lingdong,1990,male,People's Republic of China,Asia,,
261,http://www.wikidata.org/entity/Q237470,Anna Lee Fisher,1949,female,United States,North America,,
262,http://www.wikidata.org/entity/Q720191,Edward Givens,1930,male,United States,North America,,
263,http://www.wikidata.org/entity/Q692263,James Buchli,1945,male,United States,North America,,
264,http://www.wikidata.org/entity/Q52046,Christopher Cassidy,1970,male,United States,North America,,
265,http://www.wikidata.org/entity/Q255764,Yelena Kondakova,1957,female,"Russia, Soviet Union","Europe, Asia",,
266,http://www.wikidata.org/entity/Q4131995,Sergey Nikolaevich Gaidukov,1936,male,Soviet Union,"Asia, Europe",,
267,http://www.wikidata.org/entity/Q317792,Valeri Polyakov,1942,male,Russia,Europe,,
268,http://www.wikidata.org/entity/Q202933,Rimantas Stankevičius,1944,male,Soviet Union,"Asia, Europe",,
269,http://www.wikidata.org/entity/Q30157791,Zena Cardman,1987,female,United States,North America,,
270,http://www.wikidata.org/entity/Q295873,Edgar Mitchell,1930,male,United States,North America,,
271,http://www.wikidata.org/entity/Q1800097,Carl J. Meade,1950,male,United States,North America,,
272,http://www.wikidata.org/entity/Q74018,James Dutton,1968,male,United States,North America,,
273,http://www.wikidata.org/entity/Q108886,Harrison Schmitt,1935,male,United States,North America,,
274,http://www.wikidata.org/entity/Q24094,Paul W. Richards,1964,male,United States,North America,,
275,http://www.wikidata.org/entity/Q820606,Irina Solovyova,1937,female,"Soviet Union, Russia","Asia, Europe",,
276,http://www.wikidata.org/entity/Q447334,George D. Zamka,1962,male,"United States, Colombia","North America, South America",,
277,http://www.wikidata.org/entity/Q30157742,Loral O'Hara,1983,female,United States,North America,,
278,http://www.wikidata.org/entity/Q718499,Jon McBride,1943,male,United States,North America,,
279,http://www.wikidata.org/entity/Q461887,Takao Doi,1954,male,Japan,Asia,,
280,http://www.wikidata.org/entity/Q719926,William E. Thornton,1929,male,United States,North America,,
281,http://www.wikidata.org/entity/Q297801,James Irwin,1930,male,United States,North America,,
282,http://www.wikidata.org/entity/Q716333,Jose M. Hernandez,1962,male,United States,North America,,
283,http://www.wikidata.org/entity/Q11762815,Louis William Butterworth,1948,male,United States,North America,,
284,http://www.wikidata.org/entity/Q21767,Tracy Caldwell Dyson,1969,female,United States,North America,,
285,http://www.wikidata.org/entity/Q110916469,Scott Poteet,1973,male,United States,North America,,
286,http://www.wikidata.org/entity/Q87399454,Sophie Adenot,1982,female,France,Europe,,
287,http://www.wikidata.org/entity/Q448872,Valeri Tokarev,1952,male,Russia,Europe,,
288,http://www.wikidata.org/entity/Q928034,Aleksandr Samokutyayev,1970,male,Russia,Europe,,
289,http://www.wikidata.org/entity/Q434409,Georgy Shonin,1935,male,"Russia, Soviet Union","Europe, Asia",,
290,http://www.wikidata.org/entity/Q722390,Karl Gordon Henize,1926,male,United States,North America,,
291,http://www.wikidata.org/entity/Q722106,Gregory C. Johnson,1954,male,United States,North America,,
292,http://www.wikidata.org/entity/Q16518899,David Henry Matthiesen,1958,male,United States,North America,,
293,http://www.wikidata.org/entity/Q720194,Michael Coats,1946,male,United States,North America,,
294,http://www.wikidata.org/entity/Q352069,Léopold Eyharts,1957,male,France,Europe,,
295,http://www.wikidata.org/entity/Q365317,Vasily Lazarev,1928,male,Soviet Union,"Asia, Europe",,
296,http://www.wikidata.org/entity/Q634141,Theodore Freeman,1930,male,United States,North America,,
297,http://www.wikidata.org/entity/Q107258209,Tang Hongbo,1975,male,People's Republic of China,Asia,,
298,http://www.wikidata.org/entity/Q95477089,Karel Mišoň,1920,male,Czechoslovakia,Europe,,
299,http://www.wikidata.org/entity/Q313815,Sergei Krikalev,1958,male,"Russia, Soviet Union","Europe, Asia",,
300,http://www.wikidata.org/entity/Q535172,Vladimir Solovyov,1946,male,"Russia, Soviet Union","Europe, Asia",,
301,http://www.wikidata.org/entity/Q125575710,Li Guangsu,1987,male,People's Republic of China,Asia,,
302,http://www.wikidata.org/entity/Q320047,Dick Scobee,1939,male,United States,North America,,
303,http://www.wikidata.org/entity/Q963226,Oleg Novitskiy,1971,male,"Soviet Union, Russia","Asia, Europe",,
304,http://www.wikidata.org/entity/Q16522713,Scott Duane Vangen,1959,male,United States,North America,,
305,http://www.wikidata.org/entity/Q105627106,Hayley Arceneaux,1991,female,United States,North America,,
306,http://www.wikidata.org/entity/Q446692,Dumitru Prunariu,1952,male,"Romania, Socialist Republic of Romania",Europe,,
307,http://www.wikidata.org/entity/Q722667,Charles E. Brady Jr.,1951,male,United States,North America,,
308,http://www.wikidata.org/entity/Q705626,Wang Yaping,1980,female,People's Republic of China,Asia,,
309,http://www.wikidata.org/entity/Q4538966,Vasily Yaroshevsky,1932,male,"Soviet Union, Russia","Asia, Europe",,
310,http://www.wikidata.org/entity/Q611704,James D. Halsell,1956,male,United States,North America,,
311,http://www.wikidata.org/entity/Q118093594,Alper Gezeravcı,1979,male,Turkey,Asia,,
312,http://www.wikidata.org/entity/Q32266,Duane G. Carey,1957,male,United States,North America,,
313,http://www.wikidata.org/entity/Q502963,Richard F. Gordon,1929,male,United States,North America,,
314,http://www.wikidata.org/entity/Q348358,Jack Swigert,1931,male,United States,North America,,
315,http://www.wikidata.org/entity/Q16213049,Wally Funk,1939,female,United States,North America,,
316,http://www.wikidata.org/entity/Q715126,Wu Jie,1963,male,People's Republic of China,Asia,,
317,http://www.wikidata.org/entity/Q30157738,Jonny Kim,1984,male,United States,North America,,
318,http://www.wikidata.org/entity/Q1376966,Kevin P. Chilton,1954,male,United States,North America,,
319,http://www.wikidata.org/entity/Q539358,Yury Lonchakov,1965,male,Russia,Europe,,
320,http://www.wikidata.org/entity/Q7238716,Pratiwi Sudarmono,1952,female,Indonesia,Asia,,
321,http://www.wikidata.org/entity/Q725848,William Oefelein,1965,male,United States,North America,,
322,http://www.wikidata.org/entity/Q707626,Don L. Lind,1930,male,United States,North America,,
323,http://www.wikidata.org/entity/Q116945702,Ayu Yoneda,1995,female,Japan,Asia,,
324,http://www.wikidata.org/entity/Q124670652,Shubhanshu Shukla,1985,male,India,Asia,,
325,http://www.wikidata.org/entity/Q108392200,Walter Villadei,1974,male,Italy,Europe,,
326,http://www.wikidata.org/entity/Q283544,Sergey Volkov,1973,male,Russia,Europe,,
327,http://www.wikidata.org/entity/Q5237017,David Mackay,1957,male,United Kingdom,Europe,,
328,http://www.wikidata.org/entity/Q109952150,Nichole Ayers,1988,female,United States,North America,,
329,http://www.wikidata.org/entity/Q1376909,Guy Gardner,1948,male,United States,North America,,
330,http://www.wikidata.org/entity/Q335503,Scott Carpenter,1925,male,United States,North America,,
331,http://www.wikidata.org/entity/Q6659656,"Livingston L. Holder, Jr.",1956,male,United States,North America,,
332,http://www.wikidata.org/entity/Q32295,Michael J. Massimino,1962,male,United States,North America,,
333,http://www.wikidata.org/entity/Q109490394,Alexander Grebenkin,1982,male,Russia,Europe,,
334,http://www.wikidata.org/entity/Q430996,Muhammed Faris,1951,male,"Syria, United Arab Republic, First Syrian Republic","Asia, Africa",,
335,http://www.wikidata.org/entity/Q2474284,Magomed Tolboyev,1951,male,Russia,Europe,,
336,http://www.wikidata.org/entity/Q704355,Charles Bassett,1931,male,United States,North America,,
337,http://www.wikidata.org/entity/Q386148,Curtis Brown,1956,male,United States,North America,,
338,http://www.wikidata.org/entity/Q374034,Joe Engle,1932,male,United States,North America,,
339,http://www.wikidata.org/entity/Q519149,Robert F. Overmyer,1936,male,United States,North America,,
340,http://www.wikidata.org/entity/Q448491,Club De Voleibol Las Mesas,1962,male,"Russia, Soviet Union","Europe, Asia",,
341,http://www.wikidata.org/entity/Q12044276,Pavel Toufar,1948,male,Czech Republic,Europe,,
342,http://www.wikidata.org/entity/Q440251,Michael Barratt,1959,male,United States,North America,,
343,http://www.wikidata.org/entity/Q520384,Thomas Marshburn,1960,male,United States,North America,,
344,http://www.wikidata.org/entity/Q720361,Steven R. Nagel,1946,male,United States,North America,,
345,http://www.wikidata.org/entity/Q360433,Franklin Chang-Díaz,1950,male,"United States, Costa Rica",North America,,
346,http://www.wikidata.org/entity/Q51773,Heidemarie Stefanyshyn-Piper,1963,female,United States,North America,,
347,http://www.wikidata.org/entity/Q2655329,Alexander Misurkin,1977,male,Russia,Europe,,
348,http://www.wikidata.org/entity/Q1393554,John-David F. Bartoe,1944,male,United States,North America,,
349,http://www.wikidata.org/entity/Q709931,Ed Lu,1963,male,United States,North America,,
350,http://www.wikidata.org/entity/Q278656,David Scott,1932,male,United States,North America,,
351,http://www.wikidata.org/entity/Q1384788,Kent Rominger,1956,male,United States,North America,,
352,http://www.wikidata.org/entity/Q28195006,Anatoly Ivanovich Dedkovs,1944,male,Russia,Europe,,
353,http://www.wikidata.org/entity/Q746108,Mark C. Lee,1952,male,United States,North America,,
354,http://www.wikidata.org/entity/Q1162918,Daniel T. Barry,1953,male,United States,North America,,
355,http://www.wikidata.org/entity/Q433608,Bruce McCandless II,1937,male,United States,North America,,
356,http://www.wikidata.org/entity/Q724552,Jim Wetherbee,1952,male,United States,North America,,
357,http://www.wikidata.org/entity/Q252726,Vitaly Sevastyanov,1935,male,"Russia, Soviet Union","Europe, Asia",,
358,http://www.wikidata.org/entity/Q739214,James F. Reilly,1954,male,United States,North America,,
359,http://www.wikidata.org/entity/Q3157177,Jack D. Fischer,1974,male,United States,North America,,
360,http://www.wikidata.org/entity/Q706739,Scott E. Parazynski,1961,male,United States,North America,,
361,http://www.wikidata.org/entity/Q285944,Toyohiro Akiyama,1942,male,Japan,Asia,,
362,http://www.wikidata.org/entity/Q1376469,Jerry M. Linenger,1955,male,United States,North America,,
363,http://www.wikidata.org/entity/Q7597347,Stamatios Krimigis,1938,male,Greece,Europe,,
364,http://www.wikidata.org/entity/Q126127455,Tibor Kapu,1991,male,Hungary,Europe,,
365,http://www.wikidata.org/entity/Q535280,Yury Vasilyevich Malyshev,1941,male,Soviet Union,"Asia, Europe",,
366,http://www.wikidata.org/entity/Q118096833,Tuva Cihangir Atasever,1992,male,Turkey,Asia,,
367,http://www.wikidata.org/entity/Q115388065,Marcus Wandt,1980,male,"Norway, Sweden",Europe,,
368,http://www.wikidata.org/entity/Q448538,Boris Volynov,1934,male,Russia,Europe,,
369,http://www.wikidata.org/entity/Q52494,Dirk Frimout,1941,male,Belgium,Europe,,
370,http://www.wikidata.org/entity/Q114690441,Zhang Lu,1976,male,People's Republic of China,Asia,,
371,http://www.wikidata.org/entity/Q1243689,Sergey Moshchenko,1954,male,Russia,Europe,,
372,http://www.wikidata.org/entity/Q235567,Nicole Stott,1962,female,United States,North America,,
373,http://www.wikidata.org/entity/Q109950137,Anil Menon,1976,male,United States,North America,,
374,http://www.wikidata.org/entity/Q3197699,Kjell Lindgren,1973,male,United States,North America,,
375,http://www.wikidata.org/entity/Q719911,Jeffrey A. Hoffman,1944,male,United States,North America,,
376,http://www.wikidata.org/entity/Q45080,Charles Camarda,1952,male,United States,North America,,
377,http://www.wikidata.org/entity/Q120263526,Q120263526,1936,male,"Soviet Union, Russia","Europe, Asia",,
378,http://www.wikidata.org/entity/Q213605,Hans Schlegel,1951,male,Germany,Europe,,
379,http://www.wikidata.org/entity/Q45090045,Boris Valníček,1927,male,"Czech Republic, Czechoslovakia",Europe,,
380,http://www.wikidata.org/entity/Q938350,Carlos I. Noriega,1959,male,Peru,South America,,
381,http://www.wikidata.org/entity/Q16521012,Yaroslav Pustovyi,1970,male,Ukraine,Europe,,
382,http://www.wikidata.org/entity/Q1373458,Thomas J. Hennen,1952,male,United States,North America,,
383,http://www.wikidata.org/entity/Q16521232,Kikuchi Ryōko,1964,female,Japan,Asia,,
384,http://www.wikidata.org/entity/Q4059480,Efraim Akim,1929,male,"Soviet Union, Russia","Asia, Europe",,
385,http://www.wikidata.org/entity/Q159681,Valery Bykovsky,1934,male,"Russia, Soviet Union","Europe, Asia",,
386,http://www.wikidata.org/entity/Q32305,Stephen Frick,1964,male,United States,North America,,
387,http://www.wikidata.org/entity/Q349365,Ellison Onizuka,1946,male,United States,North America,,
388,http://www.wikidata.org/entity/Q18762,Frank Borman,1928,male,United States,North America,,
389,http://www.wikidata.org/entity/Q17426654,Q17426654,1947,male,"Soviet Union, Russia","Asia, Europe",,
390,http://www.wikidata.org/entity/Q112206264,Cai Xuzhe,1976,male,People's Republic of China,Asia,,
391,http://www.wikidata.org/entity/Q350317,David M. Brown,1956,male,United States,North America,,
392,http://www.wikidata.org/entity/Q722142,Dmitri Kondratyev,1969,male,Russia,Europe,,
393,http://www.wikidata.org/entity/Q237473,Helen Sharman,1963,female,United Kingdom,Europe,,
394,http://www.wikidata.org/entity/Q557082,Liu Boming,1966,male,People's Republic of China,Asia,,
395,http://www.wikidata.org/entity/Q109491455,Kirill Peskov,1990,male,Russia,Europe,,
396,http://www.wikidata.org/entity/Q433046,Leonid Popov,1945,male,"Russia, Ukraine, Soviet Union","Europe, Asia",,
397,http://www.wikidata.org/entity/Q4994273,Tatyana Kuznetsova,1941,female,"Soviet Union, Russia","Asia, Europe",,
398,http://www.wikidata.org/entity/Q986620,Anthony Llewellyn,1933,male,"United States, United Kingdom","North America, Europe",,
399,http://www.wikidata.org/entity/Q944386,Wubbo Ockels,1946,male,Kingdom of the Netherlands,Europe,,
400,http://www.wikidata.org/entity/Q927249,Oleg Skripochka,1969,male,"Soviet Union, Russia","Asia, Europe",,
401,http://www.wikidata.org/entity/Q4934240,Bob Twiggs,1935,male,United States,North America,,
402,http://www.wikidata.org/entity/Q106823104,Yozo Hirano,1985,male,Japan,Asia,,
403,http://www.wikidata.org/entity/Q13499227,Victor J. Glover,1976,male,United States,North America,,
404,http://www.wikidata.org/entity/Q448547,Pedro Duque,1963,male,Spain,Europe,,
405,http://www.wikidata.org/entity/Q440303,Timothy Kopra,1963,male,United States,North America,,
406,http://www.wikidata.org/entity/Q2143342,Renate Brümmer,1955,female,Germany,Europe,,
407,http://www.wikidata.org/entity/Q448470,Steven Lindsey,1960,male,United States,North America,,
408,http://www.wikidata.org/entity/Q375202,Michael López-Alegría,1958,male,"United States, Spain","North America, Europe",,
409,http://www.wikidata.org/entity/Q45137,Lee Morin,1952,male,United States,North America,,
410,http://www.wikidata.org/entity/Q488008,Anatolii Levchenko,1941,male,Soviet Union,"Asia, Europe",,
411,http://www.wikidata.org/entity/Q7468,Catherine Coleman,1960,female,United States,North America,,
412,http://www.wikidata.org/entity/Q535831,Vladimir Dezhurov,1962,male,Russia,Europe,,
413,http://www.wikidata.org/entity/Q281819,Pierre J. Thuot,1955,male,United States,North America,,
414,http://www.wikidata.org/entity/Q706809,Sergei Anokhin,1910,male,"Soviet Union, Russian Empire","Asia, Europe, North America, Eurasia",,
415,http://www.wikidata.org/entity/Q4666165,Abdulmohsen Al-Bassam,1948,male,Saudi Arabia,Asia,,
416,http://www.wikidata.org/entity/Q4081864,Vladimir Beletsky,1930,male,"Soviet Union, Russia","Asia, Europe",,
417,http://www.wikidata.org/entity/Q721397,Jean-Pierre Haigneré,1948,male,France,Europe,,
418,http://www.wikidata.org/entity/Q2742047,Patricia Robertson,1963,female,United States,North America,,
419,http://www.wikidata.org/entity/Q21481122,Eduard Stepanov,1937,male,"Soviet Union, Russia","Asia, Europe",,
420,http://www.wikidata.org/entity/Q111845109,Hamish Harding,1964,male,United Kingdom,Europe,,
421,http://www.wikidata.org/entity/Q519268,C. Gordon Fullerton,1936,male,United States,North America,,
422,http://www.wikidata.org/entity/Q7327,Yuri Gagarin,1934,male,Soviet Union,"Asia, Europe",,
423,http://www.wikidata.org/entity/Q449577,Vladimir Lyakhov,1941,male,Soviet Union,"Asia, Europe",,
424,http://www.wikidata.org/entity/Q16521963,Munir Habib Habib,1953,male,Syria,Asia,,
425,http://www.wikidata.org/entity/Q446531,Aleksandr Ivanchenkov,1940,male,Soviet Union,"Asia, Europe",,
426,http://www.wikidata.org/entity/Q6246601,Neil Woodward,1962,male,United States,North America,,
427,http://www.wikidata.org/entity/Q85859878,Pyotr Dubrov,1978,male,Russia,Europe,,
428,http://www.wikidata.org/entity/Q143103,Norman Thagard,1943,male,United States,North America,,
429,http://www.wikidata.org/entity/Q45305,Barys Kit,1910,male,Belarusian People's Republic,Europe,,
430,http://www.wikidata.org/entity/Q1018622,Byron K. Lichtenberg,1948,male,United States,North America,,
431,http://www.wikidata.org/entity/Q376165,William B. Lenoir,1939,male,United States,North America,,
432,http://www.wikidata.org/entity/Q115328941,Arnaud Prost,1992,male,France,Europe,,
433,http://www.wikidata.org/entity/Q29527,Jan Davis,1953,female,United States,North America,,
434,http://www.wikidata.org/entity/Q51754625,Alan Kin-Tak Lau,2000,male,Hong Kong,Asia,,
435,http://www.wikidata.org/entity/Q2632140,Faiz Khaleed,1980,male,Malaysia,Asia,,
436,http://www.wikidata.org/entity/Q7129713,Pan Zhanchun,1966,male,People's Republic of China,Asia,,
437,http://www.wikidata.org/entity/Q203026,Sergei Zalyotin,1962,male,Russia,Europe,,
438,http://www.wikidata.org/entity/Q111240,Jim Lovell,1928,male,United States,North America,,
439,http://www.wikidata.org/entity/Q461872,Gregory Chamitoff,1962,male,United States,North America,,
440,http://www.wikidata.org/entity/Q13492872,Nick Hague,1975,male,United States,North America,,
441,http://www.wikidata.org/entity/Q3294252,Mark T. Vande Hei,1966,male,United States,North America,,
442,http://www.wikidata.org/entity/Q21842,Mary L. Cleave,1947,female,United States,North America,,
443,http://www.wikidata.org/entity/Q19366412,Georgi Katys,1926,male,"Soviet Union, Russia","Asia, Europe",,
444,http://www.wikidata.org/entity/Q30157794,Warren Hoburg,1985,male,United States,North America,,
445,http://www.wikidata.org/entity/Q60838116,Evgeny Shchetinkov,1907,male,Soviet Union,"Asia, Europe",,
446,http://www.wikidata.org/entity/Q460161,Henry Hartsfield,1933,male,United States,North America,,
447,http://www.wikidata.org/entity/Q448243,Lee Archambault,1960,male,United States,North America,,
448,http://www.wikidata.org/entity/Q281604,Boris Morukov,1950,male,"Russia, Soviet Union","Europe, Asia",,
449,http://www.wikidata.org/entity/Q523835,Robert L. Behnken,1970,male,United States,North America,,
450,http://www.wikidata.org/entity/Q25981,Michael J. Smith,1945,male,United States,North America,,
451,http://www.wikidata.org/entity/Q362209,John M. Grunsfeld,1958,male,United States,North America,,
452,http://www.wikidata.org/entity/Q1178369,Mohammad Dauran Ghulam Masum,1954,male,Afghanistan,Asia,,
453,http://www.wikidata.org/entity/Q462853,Richard R. Arnold,1963,male,United States,North America,,
454,http://www.wikidata.org/entity/Q462132,Story Musgrave,1935,male,United States,North America,,
455,http://www.wikidata.org/entity/Q957368,Franco Malerba,1946,male,Italy,Europe,,
456,http://www.wikidata.org/entity/Q707736,Taylor G. Wang,1940,male,United States,North America,,
457,http://www.wikidata.org/entity/Q18236847,Aleksandr Borodin,1953,male,"Soviet Union, Russia","Asia, Europe",,
458,http://www.wikidata.org/entity/Q519124,George Nelson,1950,male,United States,North America,,
459,http://www.wikidata.org/entity/Q1174077,David Leestma,1949,male,United States,North America,,
460,http://www.wikidata.org/entity/Q28716025,Mariam Fardous,1984,female,Saudi Arabia,Asia,,
461,http://www.wikidata.org/entity/Q109952432,Marcos Berríos,1984,male,United States,North America,,
462,http://www.wikidata.org/entity/Q123186464,Tang Shengjie,1989,male,People's Republic of China,Asia,,
463,http://www.wikidata.org/entity/Q7034625,Nik Halik,1969,male,Australia,Oceania,,
464,http://www.wikidata.org/entity/Q706978,Frederick W. Sturckow,1961,male,United States,North America,,
465,http://www.wikidata.org/entity/Q502101,Andrey Borisenko,1964,male,Russia,Europe,,
466,http://www.wikidata.org/entity/Q14492036,Fulier Michal,1955,male,Slovakia,Europe,,
467,http://www.wikidata.org/entity/Q16521836,Michael Eugene Belt,1957,male,United States,North America,,
468,http://www.wikidata.org/entity/Q44371,Valentina Tereshkova,1937,female,"Soviet Union, Russia","Asia, Europe",,
469,http://www.wikidata.org/entity/Q447057,Christopher Ferguson,1961,male,"United States, Poland","North America, Europe",,
470,http://www.wikidata.org/entity/Q11337716,José Armando López Falcón,1950,male,Cuba,North America,,
471,http://www.wikidata.org/entity/Q609639,John E. Blaha,1942,male,United States,North America,,
472,http://www.wikidata.org/entity/Q3553627,Valentina Ponomaryova,1933,female,Russia,Europe,,
473,http://www.wikidata.org/entity/Q325205,Rakesh Sharma,1949,male,India,Asia,,
474,http://www.wikidata.org/entity/Q534597,Robert A. Parker,1936,male,United States,North America,,
475,http://www.wikidata.org/entity/Q520618,Richard M. Linnehan,1957,male,United States,North America,,
476,http://www.wikidata.org/entity/Q14861711,Michael Lampton,1941,male,United States,North America,,
477,http://www.wikidata.org/entity/Q3561847,Vladimir Pletser,1956,male,Belgium,Europe,,
478,http://www.wikidata.org/entity/Q28086396,Nicola Winter,1985,female,Germany,Europe,,
479,http://www.wikidata.org/entity/Q254298,Margaret Rhea Seddon,1947,female,United States,North America,,
480,http://www.wikidata.org/entity/Q123186517,Jiang Xinlin,1988,male,People's Republic of China,Asia,,
481,http://www.wikidata.org/entity/Q528832,James S. Voss,1949,male,United States,North America,,
482,http://www.wikidata.org/entity/Q240776,Karen L. Nyberg,1969,female,United States,North America,,
483,http://www.wikidata.org/entity/Q4901639,Robert Thomas Jones,1910,male,United States,North America,,
484,http://www.wikidata.org/entity/Q447264,Clayton Anderson,1959,male,United States,North America,,
485,http://www.wikidata.org/entity/Q3498668,Stephen D. Thorne,1953,male,United States,North America,,
486,http://www.wikidata.org/entity/Q185560,William Frederick Fisher,1946,male,United States,North America,,
487,http://www.wikidata.org/entity/Q434232,Michael E. Fossum,1957,male,United States,North America,,
488,http://www.wikidata.org/entity/Q461821,Eric Boe,1964,male,United States,North America,,
489,http://www.wikidata.org/entity/Q506349,Andrew M. Allen,1955,male,United States,North America,,
490,http://www.wikidata.org/entity/Q520176,Shane Kimbrough,1967,male,United States,North America,,
491,http://www.wikidata.org/entity/Q535234,Konstantin Kozeyev,1967,male,"Russia, Soviet Union","Europe, Asia",,
492,http://www.wikidata.org/entity/Q708484,Oleg Atkov,1949,male,"Soviet Union, Russia","Asia, Europe",,
493,http://www.wikidata.org/entity/Q215131,Reinhard Furrer,1940,male,Germany,Europe,,
494,http://www.wikidata.org/entity/Q660570,Steven Hawley,1951,male,United States,North America,,
495,http://www.wikidata.org/entity/Q644837,Gerald Carr,1932,male,United States,North America,,
496,http://www.wikidata.org/entity/Q948673,Daniel W. Bursch,1957,male,United States,North America,,
497,http://www.wikidata.org/entity/Q123738871,Josh Universe,2004,male,United States,North America,,
498,http://www.wikidata.org/entity/Q1323571,"Kenneth S. Reightler, Jr.",1951,male,United States,North America,,
499,http://www.wikidata.org/entity/Q644029,Robert J. Cenker,1948,male,United States,North America,,
500,http://www.wikidata.org/entity/Q725659,Aleksandr Nikolayevich Balandin,1953,male,"Soviet Union, Russia","Asia, Europe",,
501,http://www.wikidata.org/entity/Q505439,Piers Sellers,1955,male,"United States, United Kingdom","North America, Europe",,
502,http://www.wikidata.org/entity/Q19242,Bill Anders,1933,male,United States,North America,,
503,http://www.wikidata.org/entity/Q912120,Brian Duffy,1953,male,United States,North America,,
504,http://www.wikidata.org/entity/Q536777,Richard Mastracchio,1960,male,United States,North America,,
505,http://www.wikidata.org/entity/Q453764,Sergey Avdeyev,1956,male,"Russia, Soviet Union","Europe, Asia",,
506,http://www.wikidata.org/entity/Q705636,Frank L. Culbertson,1949,male,United States,North America,,
507,http://www.wikidata.org/entity/Q487622,Anatoli Ivanishin,1969,male,Russia,Europe,,
508,http://www.wikidata.org/entity/Q30315159,Francisco Rubio,1975,male,United States,North America,,
509,http://www.wikidata.org/entity/Q2738124,Peter Kolosimo,1922,male,"Italy, Kingdom of Italy",Europe,,
510,http://www.wikidata.org/entity/Q240701,Megan McArthur,1971,female,United States,North America,,
511,http://www.wikidata.org/entity/Q29515,Nancy J. Currie,1958,female,United States,North America,,
512,http://www.wikidata.org/entity/Q44059568,Joshua Kutryk,1982,male,Canada,North America,,
513,http://www.wikidata.org/entity/Q822249,"Bernard A. Harris, Jr.",1956,male,United States,North America,,
514,http://www.wikidata.org/entity/Q49285,Sally Ride,1951,female,United States,North America,,
515,http://www.wikidata.org/entity/Q41432,Robert L. Stewart,1942,male,United States,North America,,
516,http://www.wikidata.org/entity/Q441017,Ronald J. Garan,1961,male,United States,North America,,
517,http://www.wikidata.org/entity/Q364451,Georgy Beregovoy,1921,male,"Russia, Soviet Union","Europe, Asia",,
518,http://www.wikidata.org/entity/Q709646,Clifton Williams,1932,male,United States,North America,,
519,http://www.wikidata.org/entity/Q12040315,Nadezhda Kuzhelnaya,1962,female,Russia,Europe,,
520,http://www.wikidata.org/entity/Q1100407,Yekaterina Ivanova,1949,female,"Soviet Union, Russia","Asia, Europe",,
521,http://www.wikidata.org/entity/Q978562,Frederick W. Leslie,1951,male,United States,North America,,
522,http://www.wikidata.org/entity/Q362819,Aleksandr Serebrov,1944,male,"Russia, Soviet Union","Europe, Asia",,
523,http://www.wikidata.org/entity/Q101960859,Eytan Stibbe,1958,male,Israel,Asia,,
524,http://www.wikidata.org/entity/Q499636,Andreas Mogensen,1976,male,Kingdom of Denmark,Europe,,
525,http://www.wikidata.org/entity/Q363506,Rusty Schweickart,1935,male,United States,North America,,
526,http://www.wikidata.org/entity/Q920936,Ken Bowersox,1956,male,United States,North America,,
527,http://www.wikidata.org/entity/Q434205,Jean-Loup Chrétien,1938,male,"United States, France","North America, Europe",,
528,http://www.wikidata.org/entity/Q956160,Gennady Manakov,1950,male,"Soviet Union, Russia","Asia, Europe",,
529,http://www.wikidata.org/entity/Q466069,Vladimir Titov,1947,male,"Russia, Soviet Union","Europe, Asia",,
530,http://www.wikidata.org/entity/Q2036814,Albert Sacco,1949,male,United States,North America,,
531,http://www.wikidata.org/entity/Q539337,Thomas Akers,1951,male,United States,North America,,
532,http://www.wikidata.org/entity/Q16213285,Dylan Taylor,1970,male,United States,North America,,
533,http://www.wikidata.org/entity/Q10335385,Nail Sattarov,1941,male,"Soviet Union, Russia","Asia, Europe",,
534,http://www.wikidata.org/entity/Q30157740,Jasmin Moghbeli,1983,female,"United States, Iran","North America, Asia",,
535,http://www.wikidata.org/entity/Q472497,Valery Ryumin,1939,male,Russia,Europe,,
536,http://www.wikidata.org/entity/Q348205,Viktor Gorbatko,1934,male,"Russia, Soviet Union","Europe, Asia",,
537,http://www.wikidata.org/entity/Q85877536,Zhou Jianping,1957,male,People's Republic of China,Asia,,
538,http://www.wikidata.org/entity/Q116786187,Ali AlGhamdi,1992,male,Saudi Arabia,Asia,,
539,http://www.wikidata.org/entity/Q115388535,Pablo Álvarez Fernández,1988,male,Spain,Europe,,
540,http://www.wikidata.org/entity/Q4531891,Timur Eneev,1924,male,"Soviet Union, Russia","Asia, Europe",,
541,http://www.wikidata.org/entity/Q995007,Bryan D. O'Connor,1946,male,United States,North America,,
542,http://www.wikidata.org/entity/Q1173930,David C. Hilmers,1950,male,United States,North America,,
543,http://www.wikidata.org/entity/Q375641,Akihiko Hoshide,1968,male,Japan,Asia,,
544,http://www.wikidata.org/entity/Q382150,Leonid Kadeniuk,1951,male,"Ukraine, Soviet Union","Europe, Asia",,
545,http://www.wikidata.org/entity/Q985049,Sherwood C. Spring,1944,male,United States,North America,,
546,http://www.wikidata.org/entity/Q201797,F. Drew Gaffney,1946,male,United States,North America,,
547,http://www.wikidata.org/entity/Q703865,Michael J. Bloomfield,1959,male,United States,North America,,
548,http://www.wikidata.org/entity/Q310924,Alan Bean,1932,male,United States,North America,,
549,http://www.wikidata.org/entity/Q3376307,Felix Ziegel,1920,male,Soviet Union,"Asia, Europe",,
550,http://www.wikidata.org/entity/Q363250,Donald Pettit,1955,male,United States,North America,,
551,http://www.wikidata.org/entity/Q18352451,Anna Kikina,1984,female,"Soviet Union, Russia","Asia, Europe",,
552,http://www.wikidata.org/entity/Q520760,Yuri Baturin,1949,male,"Russia, Soviet Union","Europe, Asia",,
553,http://www.wikidata.org/entity/Q450834,Lev Dyomin,1926,male,Soviet Union,"Asia, Europe",,
554,http://www.wikidata.org/entity/Q378952,Kenneth D. Cameron,1949,male,United States,North America,,
555,http://www.wikidata.org/entity/Q704147,Michael L. Gernhardt,1956,male,United States,North America,,
556,http://www.wikidata.org/entity/Q641389,Nikolai Budarin,1953,male,Russia,Europe,,
557,http://www.wikidata.org/entity/Q727572,Umberto Guidoni,1954,male,Italy,Europe,,
558,http://www.wikidata.org/entity/Q505530,Andrew J. Feustel,1965,male,United States,North America,,
559,http://www.wikidata.org/entity/Q55177,Sunita Williams,1965,female,United States,North America,,
560,http://www.wikidata.org/entity/Q106460857,Mohammad Al Mulla,1988,male,United Arab Emirates,Asia,,
561,http://www.wikidata.org/entity/Q13889299,Irina Rudolfovna Pronina,1953,female,Russia,Europe,,
562,http://www.wikidata.org/entity/Q381541,Aleksei Yeliseyev,1934,male,"Russia, Soviet Union","Europe, Asia",,
563,http://www.wikidata.org/entity/Q473221,Mark L. Polansky,1956,male,United States,North America,,
564,http://www.wikidata.org/entity/Q1382090,Miguel Sebastián Gascón,1957,male,Spain,Europe,,
565,http://www.wikidata.org/entity/Q1338912,Sonny Carter,1947,male,United States,North America,,
566,http://www.wikidata.org/entity/Q30611798,Robert Hines,1975,male,United States,North America,,
567,http://www.wikidata.org/entity/Q254058,Patrick Baudry,1946,male,France,Europe,,
568,http://www.wikidata.org/entity/Q520166,Gregory H. Johnson,1962,male,United States,North America,,
569,http://www.wikidata.org/entity/Q260217,Kenneth Ham,1964,male,United States,North America,,
570,http://www.wikidata.org/entity/Q13429632,Angelo Vermeulen,1971,male,Belgium,Europe,,
571,http://www.wikidata.org/entity/Q607394,Richard Hieb,1955,male,United States,North America,,
572,http://www.wikidata.org/entity/Q382202,Jeffrey Williams,1958,male,United States,North America,,
573,http://www.wikidata.org/entity/Q446233,Aleksandr Aleksandrovich Volkov,1948,male,"Russia, Ukraine, Soviet Union","Europe, Asia",,
574,http://www.wikidata.org/entity/Q621462,Elliot See,1927,male,United States,North America,,
575,http://www.wikidata.org/entity/Q85867505,Andrey Fedyayev,1981,male,Russia,Europe,,
576,http://www.wikidata.org/entity/Q318513,Ken Mattingly,1936,male,United States,North America,,
577,http://www.wikidata.org/entity/Q229635,Eileen Collins,1956,female,United States,North America,,
578,http://www.wikidata.org/entity/Q49264,Lisa Nowak,1963,female,United States,North America,,
579,http://www.wikidata.org/entity/Q372215,Walter Cunningham,1932,male,United States,North America,,
580,http://www.wikidata.org/entity/Q620632,Aleksandr Lazutkin,1957,male,"Soviet Union, Russia","Asia, Europe",,
581,http://www.wikidata.org/entity/Q1338895,Jay C. Buckey,1956,male,United States,North America,,
582,http://www.wikidata.org/entity/Q706939,Dominic L. Pudwill Gorie,1957,male,United States,North America,,
583,http://www.wikidata.org/entity/Q448563,John L. Phillips,1951,male,United States,North America,,
584,http://www.wikidata.org/entity/Q239960,Pamela Melroy,1961,female,United States,North America,,
585,http://www.wikidata.org/entity/Q334463,William C. McCool,1961,male,United States,North America,,
586,http://www.wikidata.org/entity/Q1355634,Gregory T. Linteris,1957,male,United States,North America,,
587,http://www.wikidata.org/entity/Q16521187,Keith Charles Wright,1947,male,United States,North America,,
588,http://www.wikidata.org/entity/Q468250,Vladimir Aksyonov,1935,male,Russia,Europe,,
589,http://www.wikidata.org/entity/Q88354540,Sara García Alonso,1989,female,Spain,Europe,,
590,http://www.wikidata.org/entity/Q440178,Vyacheslav Zudov,1942,male,Russia,Europe,,
591,http://www.wikidata.org/entity/Q17177,Paolo Nespoli,1957,male,Italy,Europe,,
592,http://www.wikidata.org/entity/Q319269,Richard Garriott,1961,male,"United States, United Kingdom","North America, Europe",,
593,http://www.wikidata.org/entity/Q104859,Michael Collins,1930,male,United States,North America,,
594,http://www.wikidata.org/entity/Q2315605,Fernando Caldeiro,1958,male,Argentina,South America,,
595,http://www.wikidata.org/entity/Q115388242,Andrea Patassa,1991,male,Italy,Europe,,
596,http://www.wikidata.org/entity/Q8070504,Zhanna Yorkina,1939,female,"Russia, Soviet Union","Europe, Asia",,
597,http://www.wikidata.org/entity/Q352137,Boris Borisovich Yegorov,1937,male,"Russia, Soviet Union","Europe, Asia",,
598,http://www.wikidata.org/entity/Q210184,Dennis Tito,1940,male,United States,North America,,
599,http://www.wikidata.org/entity/Q26255563,Andrei Babkin,1969,male,"Soviet Union, Russia","Asia, Europe",,
600,http://www.wikidata.org/entity/Q15222587,Alexander William Dunlap,1960,male,United States,North America,,
601,http://www.wikidata.org/entity/Q342338,Oleg Kotov,1965,male,Russia,Europe,,
602,http://www.wikidata.org/entity/Q823491,Maidarzhavyn Ganzorig,1949,male,"Mongolian People's Republic, Mongolia",Asia,,
603,http://www.wikidata.org/entity/Q4514359,N. G. Chernyshev,1906,male,"Soviet Union, Russian Empire","Asia, Europe, Eurasia, North America",,
604,http://www.wikidata.org/entity/Q1322669,Kevin R. Kregel,1956,male,United States,North America,,
605,http://www.wikidata.org/entity/Q3499300,Duane Graveline,1931,male,United States,North America,,
606,http://www.wikidata.org/entity/Q391517,Robert Henry Lawrence,1935,male,United States,North America,,
607,http://www.wikidata.org/entity/Q109493060,Konstantin Borisov,1984,male,Russia,Europe,,
608,http://www.wikidata.org/entity/Q109953976,Deniz Burnham,1985,female,"United States, Turkey","North America, Asia",,
609,http://www.wikidata.org/entity/Q355433,Georgy Dobrovolsky,1928,male,Soviet Union,"Asia, Europe",,
610,http://www.wikidata.org/entity/Q13500192,Christina Koch,1979,female,United States,North America,,
611,http://www.wikidata.org/entity/Q62030546,Christina Birch,1986,female,United States,North America,,
612,http://www.wikidata.org/entity/Q152318,Svetlana Savitskaya,1948,female,"Russia, Soviet Union","Europe, Asia",,
613,http://www.wikidata.org/entity/Q375631,Daniel M. Tani,1961,male,United States,North America,,
614,http://www.wikidata.org/entity/Q711010,Aleksandr Poleshchuk,1953,male,"Soviet Union, Russia","Asia, Europe",,
615,http://www.wikidata.org/entity/Q30157793,Matthew Dominick,1981,male,United States,North America,,
616,http://www.wikidata.org/entity/Q81129,Jügderdemidiin Gürragchaa,1947,male,Mongolia,Asia,,
617,http://www.wikidata.org/entity/Q318542,Michael P. Anderson,1959,male,United States,North America,,
618,http://www.wikidata.org/entity/Q512266,Thomas Pesquet,1978,male,France,Europe,,
619,http://www.wikidata.org/entity/Q467732,Musa Manarov,1951,male,"Russia, Soviet Union","Europe, Asia",,
620,http://www.wikidata.org/entity/Q346671,Rick Husband,1957,male,United States,North America,,
621,http://www.wikidata.org/entity/Q1371289,Mark N. Brown,1951,male,United States,North America,,
622,http://www.wikidata.org/entity/Q1239684,Donald A. Thomas,1955,male,United States,North America,,
623,http://www.wikidata.org/entity/Q2032646,Sidney M. Gutierrez,1951,male,United States,North America,,
624,http://www.wikidata.org/entity/Q938428,Terrence W. Wilcutt,1949,male,United States,North America,,
625,http://www.wikidata.org/entity/Q533560,Marianne Merchez,1960,female,Belgium,Europe,,
626,http://www.wikidata.org/entity/Q12028447,Karel Pacner,1936,male,"Czech Republic, Czechoslovakia",Europe,,
627,http://www.wikidata.org/entity/Q52923,Janice E. Voss,1956,female,United States,North America,,
628,http://www.wikidata.org/entity/Q1064074,Charles D. Walker,1948,male,United States,North America,,
629,http://www.wikidata.org/entity/Q235523,Peggy Whitson,1960,female,United States,North America,,
630,http://www.wikidata.org/entity/Q30202712,Jessica Watkins,1988,female,United States,North America,,
631,http://www.wikidata.org/entity/Q703321,Marc Garneau,1949,male,Canada,North America,,
632,http://www.wikidata.org/entity/Q17519,Anousheh Ansari,1966,female,"Iran, United States","Asia, North America",,
633,http://www.wikidata.org/entity/Q444299,Aleksandr Panayotov Aleksandrov,1951,male,Bulgaria,Europe,,
634,http://www.wikidata.org/entity/Q240769,Julie Payette,1963,female,Canada,North America,,
635,http://www.wikidata.org/entity/Q2036770,Richard N. Richards,1946,male,United States,North America,,
636,http://www.wikidata.org/entity/Q3116390,Gregory Reid Wiseman,1975,male,United States,North America,,
637,http://www.wikidata.org/entity/Q10340525,Oleg Kononenko,1938,male,Soviet Union,"Asia, Europe",,
638,http://www.wikidata.org/entity/Q1336455,Lawrence J. DeLucas,1950,male,United States,North America,,
639,http://www.wikidata.org/entity/Q34091,Mae Jemison,1956,female,United States,North America,,
640,http://www.wikidata.org/entity/Q109493064,Aleksandr Gorbunov,1990,male,Russia,Europe,,
641,http://www.wikidata.org/entity/Q916950,Oldřich Pelčák,1943,male,Czechoslovakia,Europe,,
642,http://www.wikidata.org/entity/Q57420529,Petr Lála,1942,male,"Czech Republic, Czechoslovakia",Europe,,
643,http://www.wikidata.org/entity/Q706965,Michael T. Good,1962,male,United States,North America,,
644,http://www.wikidata.org/entity/Q573258,Michael Strahan,1971,male,United States,North America,,
645,http://www.wikidata.org/entity/Q643556,Alvin Drew,1962,male,United States,North America,,
646,http://www.wikidata.org/entity/Q324774,William G. Gregory,1957,male,United States,North America,,
647,http://www.wikidata.org/entity/Q443994,Joseph P. Allen,1937,male,United States,North America,,
648,http://www.wikidata.org/entity/Q108710823,Chris Boshuizen,1977,male,Australia,Oceania,,
649,http://www.wikidata.org/entity/Q438844,Gregory Olsen,1945,male,United States,North America,,
650,http://www.wikidata.org/entity/Q55615701,Karl Jacob,1979,male,United States,North America,,
651,http://www.wikidata.org/entity/Q30157792,Raja Chari,1977,male,United States,North America,,
652,http://www.wikidata.org/entity/Q109969080,Christopher Williams,1983,male,United States,North America,,
653,http://www.wikidata.org/entity/Q312833,Gordon Cooper,1927,male,United States,North America,,
654,http://www.wikidata.org/entity/Q1076962,Chris Hadfield,1959,male,Canada,North America,,
655,http://www.wikidata.org/entity/Q16523336,Timothy Kristian Charles Mace,1955,male,United Kingdom,Europe,,
656,http://www.wikidata.org/entity/Q215140,Reinhold Ewald,1956,male,Germany,Europe,,
657,http://www.wikidata.org/entity/Q28125689,Nikolay Agadzhanyan,1928,male,"Soviet Union, Russia","Asia, Europe",,
658,http://www.wikidata.org/entity/Q434546,Pyotr Klimuk,1942,male,"Russia, Byelorussian Soviet Socialist Republic, Soviet Union","Europe, Asia",,
659,http://www.wikidata.org/entity/Q130909094,John Casper,1943,male,United States,North America,,
660,http://www.wikidata.org/entity/Q4449185,Gleb Tabakov,1912,male,"Soviet Union, Russia","Asia, Europe",,
661,http://www.wikidata.org/entity/Q15072240,Yefim Mezhiritsky,1941,male,"Soviet Union, Russia","Asia, Europe",,
662,http://www.wikidata.org/entity/Q358525,Viktor Patsayev,1933,male,Soviet Union,"Asia, Europe",,
663,http://www.wikidata.org/entity/Q115388013,Aleš Svoboda,1986,male,Czech Republic,Europe,,
664,http://www.wikidata.org/entity/Q935071,Jean-Jacques Favier,1949,male,France,Europe,,
665,http://www.wikidata.org/entity/Q77349,Abdul Ahad Mohmand,1959,male,"Germany, Democratic Republic of Afghanistan","Europe, Asia",,
666,http://www.wikidata.org/entity/Q720182,Mike Mullane,1945,male,United States,North America,,
667,http://www.wikidata.org/entity/Q379039,Samantha Cristoforetti,1977,female,"Italy, France",Europe,,
668,http://www.wikidata.org/entity/Q254985,Vladimír Remek,1948,male,Czech Republic,Europe,,
669,http://www.wikidata.org/entity/Q233795,Shannon Lucid,1943,female,United States,North America,,
670,http://www.wikidata.org/entity/Q49284,Judith Resnik,1949,female,United States,North America,,
671,http://www.wikidata.org/entity/Q463833,Vance D. Brand,1931,male,United States,North America,,
672,http://www.wikidata.org/entity/Q1926804,Michael A. Baker,1953,male,United States,North America,,
673,http://www.wikidata.org/entity/Q361932,William Shepherd,1949,male,United States,North America,,
674,http://www.wikidata.org/entity/Q345678,Roger Bruce Chaffee,1935,male,United States,North America,,
675,http://www.wikidata.org/entity/Q3175883,Jeanette J. Epps,1970,female,United States,North America,,
676,http://www.wikidata.org/entity/Q456840,Georgi Ivanov,1940,male,Bulgaria,Europe,,
677,http://www.wikidata.org/entity/Q16522978,Szergej Valerjevics Kosztyenko,1963,male,Russia,Europe,,
678,http://www.wikidata.org/entity/Q557058,Donald H. Peterson,1933,male,United States,North America,,
679,http://www.wikidata.org/entity/Q375566,Koichi Wakata,1963,male,Japan,Asia,,
680,http://www.wikidata.org/entity/Q948775,Robert Curbeam,1962,male,United States,North America,,
681,http://www.wikidata.org/entity/Q7308897,Reginald Turnill,1915,male,"United Kingdom, United Kingdom of Great Britain and Ireland",Europe,,
682,http://www.wikidata.org/entity/Q157931,Pavel Ivanovich Belyayev,1925,male,Soviet Union,"Asia, Europe",,
683,http://www.wikidata.org/entity/Q52495,Frank De Winne,1961,male,Belgium,Europe,,
684,http://www.wikidata.org/entity/Q30323480,Sian Proctor,1970,female,United States,North America,,
685,http://www.wikidata.org/entity/Q378949,Steven Smith,1958,male,United States,North America,,
686,http://www.wikidata.org/entity/Q454649,André Kuipers,1958,male,Kingdom of the Netherlands,Europe,,
687,http://www.wikidata.org/entity/Q116962,Claude Nicollier,1944,male,Switzerland,Europe,,
688,http://www.wikidata.org/entity/Q14948501,Ricardo Peralta y Fabi,1950,male,Mexico,North America,,
689,http://www.wikidata.org/entity/Q448167,Ivan Bella,1964,male,"Slovakia, Czechoslovakia",Europe,,
690,http://www.wikidata.org/entity/Q497530,Brewster H. Shaw,1945,male,United States,North America,,
691,http://www.wikidata.org/entity/Q560360,Talgat Musabayev,1951,male,"Soviet Union, Russia, Kazakhstan","Asia, Europe",,
692,http://www.wikidata.org/entity/Q719635,Lodewijk van den Berg,1932,male,United States,North America,,
693,http://www.wikidata.org/entity/Q470256,Gennadi Strekalov,1940,male,"Russia, Soviet Union","Europe, Asia",,
694,http://www.wikidata.org/entity/Q105575990,Swati Mohan,1983,female,United States,North America,,
695,http://www.wikidata.org/entity/Q3574186,Yvonne Cagle,1959,female,United States,North America,,
696,http://www.wikidata.org/entity/Q6490164,Larry D. James,1956,male,United States,North America,,
697,http://www.wikidata.org/entity/Q10278270,Eurico da Fonseca,1921,male,Portugal,Europe,,
698,http://www.wikidata.org/entity/Q180499,Karol J. Bobko,1937,male,"United States, Poland","North America, Europe",,
699,http://www.wikidata.org/entity/Q216726,Ed White,1930,male,United States,North America,,
700,http://www.wikidata.org/entity/Q974431,William J. Knight,1929,male,United States,North America,,
701,http://www.wikidata.org/entity/Q213076,Pete Conrad,1930,male,United States,North America,,
702,http://www.wikidata.org/entity/Q730170,Yuri Shargin,1960,male,Russia,Europe,,
703,http://www.wikidata.org/entity/Q5970982,Norishige Kanai,1976,male,Japan,Asia,,
704,http://www.wikidata.org/entity/Q466075,Pavel Vinogradov,1953,male,Russia,Europe,,
705,http://www.wikidata.org/entity/Q465461,Yury Glazkov,1939,male,"Russia, Soviet Union","Europe, Asia",,
706,http://www.wikidata.org/entity/Q358931,Garrett Reisman,1968,male,United States,North America,,
707,http://www.wikidata.org/entity/Q280301,Igor Volk,1937,male,Russia,Europe,,
708,http://www.wikidata.org/entity/Q1372276,Stephen S. Oswald,1951,male,United States,North America,,
709,http://www.wikidata.org/entity/Q749845,Roger K. Crouch,1940,male,United States,North America,,
710,http://www.wikidata.org/entity/Q85861593,Sergey Korsakov,1984,male,Russia,Europe,,
711,http://www.wikidata.org/entity/Q361415,Mirosław Hermaszewski,1941,male,Poland,Europe,,
712,http://www.wikidata.org/entity/Q732906,Loren Acton,1936,male,United States,North America,,
713,http://www.wikidata.org/entity/Q554415,Terry W. Virts,1967,male,United States,North America,,
714,http://www.wikidata.org/entity/Q71248,Alexander Gerst,1976,male,Germany,Europe,,
715,http://www.wikidata.org/entity/Q235047,Barbara Morgan,1951,female,United States,North America,,
716,http://www.wikidata.org/entity/Q258385,Roberta Bondar,1945,female,Canada,North America,,
717,http://www.wikidata.org/entity/Q703819,Scott J. Horowitz,1957,male,United States,North America,,
718,http://www.wikidata.org/entity/Q55178,Stephanie Wilson,1966,female,United States,North America,,
719,http://www.wikidata.org/entity/Q538639,Valentin Bondarenko,1937,male,Soviet Union,"Asia, Europe",,
720,http://www.wikidata.org/entity/Q23762547,Kellie Gerardi,1989,female,United States,North America,,
721,http://www.wikidata.org/entity/Q634822,James van Hoften,1944,male,United States,North America,,
722,http://www.wikidata.org/entity/Q446917,Joseph P. Kerwin,1932,male,United States,North America,,
723,http://www.wikidata.org/entity/Q362261,Michael Fincke,1967,male,United States,North America,,
724,http://www.wikidata.org/entity/Q110916738,Sarah Gillis,1994,female,United States,North America,,
725,http://www.wikidata.org/entity/Q154269,Alexey Leonov,1934,male,Russia,Europe,,
726,http://www.wikidata.org/entity/Q29648,Patrick Forrester,1957,male,United States,North America,,
727,http://www.wikidata.org/entity/Q4260274,Yuri Letunov,1926,male,Soviet Union,"Asia, Europe",,
728,http://www.wikidata.org/entity/Q1615,Neil Armstrong,1930,male,United States,North America,,
729,http://www.wikidata.org/entity/Q390344,Edward G. Gibson,1936,male,United States,North America,,
730,http://www.wikidata.org/entity/Q229674,Christa McAuliffe,1948,female,United States,North America,,
731,http://www.wikidata.org/entity/Q722127,Randolph Bresnik,1967,male,United States,North America,,
732,http://www.wikidata.org/entity/Q7258156,Anatoli Kartashov,1932,male,Soviet Union,"Asia, Europe",,
733,http://www.wikidata.org/entity/Q266359,Nikolay Rukavishnikov,1932,male,"Russia, Soviet Union","Europe, Asia",,
734,http://www.wikidata.org/entity/Q1100745,Eugeni Vladimirovich Saley,1950,male,Russia,Europe,,
735,http://www.wikidata.org/entity/Q103929698,Oleg Blinov,1978,male,"Soviet Union, Russia","Asia, Europe",,
736,http://www.wikidata.org/entity/Q49269,Ellen Ochoa,1958,female,United States,North America,,
737,http://www.wikidata.org/entity/Q124670654,Ajit Krishnan,1982,male,India,Asia,,
738,http://www.wikidata.org/entity/Q1429300,William F. Readdy,1952,male,United States,North America,,
739,http://www.wikidata.org/entity/Q2705403,Philip K. Chapman,1935,male,"Australia, United States","Oceania, North America",,
740,http://www.wikidata.org/entity/Q706859,Stanley G. Love,1965,male,United States,North America,,
741,http://www.wikidata.org/entity/Q210382,Yi So-Yeon,1978,female,South Korea,Asia,,
742,http://www.wikidata.org/entity/Q17427763,Mikhail Fedorovich Rebrov,1931,male,"Russia, Russian Soviet Federative Socialist Republic","Europe, Eurasia",,
743,http://www.wikidata.org/entity/Q561878,Michael Foreman,1957,male,United States,North America,,
744,http://www.wikidata.org/entity/Q5018797,Siva Vanajah,1971,female,Malaysia,Asia,,
745,http://www.wikidata.org/entity/Q313543,Ronald Evans,1933,male,United States,North America,,
746,http://www.wikidata.org/entity/Q834956,Boris Andreyev,1940,male,"Soviet Union, Russia","Asia, Europe",,
747,http://www.wikidata.org/entity/Q725233,Bjarni Tryggvason,1945,male,Canada,North America,,
748,http://www.wikidata.org/entity/Q519256,Jake Garn,1932,male,United States,North America,,
749,http://www.wikidata.org/entity/Q540108,Bruce E. Melnick,1949,male,United States,North America,,
750,http://www.wikidata.org/entity/Q1333261,Peter Wisoff,1958,male,United States,North America,,
751,http://www.wikidata.org/entity/Q158486,Eugene Cernan,1934,male,United States,North America,,
752,http://www.wikidata.org/entity/Q124670657,Angad Pratap,1982,male,India,Asia,,
753,http://www.wikidata.org/entity/Q362180,Mikhail Tyurin,1960,male,Russia,Europe,,
754,http://www.wikidata.org/entity/Q434555,Georgy Grechko,1931,male,"Russia, Soviet Union","Europe, Asia",,
755,http://www.wikidata.org/entity/Q237879,Kalpana Chawla,1962,female,"United States, India","North America, Asia",,
756,http://www.wikidata.org/entity/Q41597,Joan Higginbotham,1964,female,United States,North America,,
757,http://www.wikidata.org/entity/Q109490367,Alexey Zubritsky,1992,male,"Russia, Ukraine",Europe,,
758,http://www.wikidata.org/entity/Q182642,John Glenn,1921,male,United States,North America,,
759,http://www.wikidata.org/entity/Q935510,Joe F. Edwards,1958,male,United States,North America,,
760,http://www.wikidata.org/entity/Q364476,James McDivitt,1929,male,United States,North America,,
761,http://www.wikidata.org/entity/Q461788,David Wolf,1956,male,United States,North America,,
762,http://www.wikidata.org/entity/Q518012,Timothy Peake,1972,male,United Kingdom,Europe,,
763,http://www.wikidata.org/entity/Q50379760,Dmitrij Petelin,1983,male,Russia,Europe,,
764,http://www.wikidata.org/entity/Q709935,Leroy Chiao,1960,male,United States,North America,,
765,http://www.wikidata.org/entity/Q16139803,Pirada Techawichit,1984,male,Thailand,Asia,,
766,http://www.wikidata.org/entity/Q554409,Barry E. Wilmore,1962,male,United States,North America,,
767,http://www.wikidata.org/entity/Q107743727,Miracle Igbokwe,1995,male,Nigeria,Africa,,
768,http://www.wikidata.org/entity/Q956842,Maurizio Cheli,1959,male,Italy,Europe,,
769,http://www.wikidata.org/entity/Q109491621,Larisa Grigoriyevna Pozharskaya,1947,female,"Soviet Union, Russia","Asia, Europe",,
770,http://www.wikidata.org/entity/Q97188739,Q97188739,1952,male,"Soviet Union, Russia","Asia, Europe",,
771,http://www.wikidata.org/entity/Q6740250,Maksim Ponomaryov,1980,male,Russia,Europe,,
772,http://www.wikidata.org/entity/Q98631581,Amelie Schoenenwald,1989,female,Germany,Europe,,
773,http://www.wikidata.org/entity/Q4715991,Aleksey Ovchinin,1971,male,Russia,Europe,,
774,http://www.wikidata.org/entity/Q455669,Evgeniy Vasilievich Khrunov,1933,male,Soviet Union,"Asia, Europe",,
775,http://www.wikidata.org/entity/Q472683,Nie Haisheng,1964,male,People's Republic of China,Asia,,
776,http://www.wikidata.org/entity/Q4181402,Sergey Zhukov,1956,male,"Soviet Union, Russia","Asia, Europe",,
777,http://www.wikidata.org/entity/Q13500573,Nicole Mann,1977,female,United States,North America,,
778,http://www.wikidata.org/entity/Q644705,Carl E. Walz,1955,male,United States,North America,,
779,http://www.wikidata.org/entity/Q254785,Robert R. Gilruth,1913,male,United States,North America,,
780,http://www.wikidata.org/entity/Q722679,Jean-François Clervoy,1958,male,France,Europe,,
781,http://www.wikidata.org/entity/Q21856852,Ivan Vagner,1985,male,Russia,Europe,,
782,http://www.wikidata.org/entity/Q986622,Brian O'Leary,1940,male,United States,North America,,
783,http://www.wikidata.org/entity/Q320068,Konstantin Feoktistov,1926,male,"Russia, Soviet Union","Europe, Asia",,
784,http://www.wikidata.org/entity/Q109954037,Jessica Wittner,1983,female,United States,North America,,
785,http://www.wikidata.org/entity/Q11685717,Anatoly Kuklin,1932,male,Russia,Europe,,
786,http://www.wikidata.org/entity/Q78552,Franz Viehböck,1960,male,Austria,Europe,,
787,http://www.wikidata.org/entity/Q7086024,Oleg Artemyev,1970,male,Russia,Europe,,
788,http://www.wikidata.org/entity/Q264460,Ellen S. Baker,1953,female,United States,North America,,
789,http://www.wikidata.org/entity/Q336810,Deke Slayton,1924,male,United States,North America,,
790,http://www.wikidata.org/entity/Q4056532,Pavel Agadzhanov,1923,male,"Soviet Union, Russia","Asia, Europe",,
791,http://www.wikidata.org/entity/Q3625307,Donald Holmquest,1939,male,United States,North America,,
792,http://www.wikidata.org/entity/Q706849,Kevin A. Ford,1960,male,United States,North America,,
793,http://www.wikidata.org/entity/Q232441,Laurel Clark,1961,female,United States,North America,,
794,http://www.wikidata.org/entity/Q3436505,Robert W. Smith,1926,male,Canada,North America,,
795,http://www.wikidata.org/entity/Q718729,John Oliver Creighton,1943,male,United States,North America,,
796,http://www.wikidata.org/entity/Q382176,Daniel C. Burbank,1961,male,United States,North America,,
797,http://www.wikidata.org/entity/Q17426873,Mars Fätxullin,1939,male,Soviet Union,"Asia, Europe",,
798,http://www.wikidata.org/entity/Q1507223,G. David Low,1956,male,United States,North America,,
799,http://www.wikidata.org/entity/Q315730,Ronald McNair,1950,male,United States,North America,,
800,http://www.wikidata.org/entity/Q109968497,Luke Delaney,1979,male,United States,North America,,
801,http://www.wikidata.org/entity/Q118799016,Gui Haichao,1986,male,People's Republic of China,Asia,,
802,http://www.wikidata.org/entity/Q822726,Dumitru Dediu,1942,male,Romania,Europe,,
803,http://www.wikidata.org/entity/Q14962576,Gerard Edward Magilton,1942,male,United States,North America,,
804,http://www.wikidata.org/entity/Q3376613,Peter Glaser,1923,male,Czech Republic,Europe,,
805,http://www.wikidata.org/entity/Q632907,Leland D. Melvin,1964,male,United States,North America,,
806,http://www.wikidata.org/entity/Q89641962,Raphaël Liégeois,1988,male,"Belgium, Luxembourg",Europe,,
807,http://www.wikidata.org/entity/Q5256924,Deng Qingming,1966,male,People's Republic of China,Asia,,
808,http://www.wikidata.org/entity/Q13500570,Anne McClain,1979,female,United States,North America,,
809,http://www.wikidata.org/entity/Q8070347,Zhang Xiaoguang,1966,male,People's Republic of China,Asia,,
810,http://www.wikidata.org/entity/Q376688,Yury Usachov,1957,male,Russia,Europe,,
811,http://www.wikidata.org/entity/Q495624,John L. Finley,1935,male,United States,North America,,
812,http://www.wikidata.org/entity/Q28413601,Ye Guangfu,1980,male,People's Republic of China,Asia,,
813,http://www.wikidata.org/entity/Q313399,Vladimir Shatalov,1927,male,Russia,Europe,,
814,http://www.wikidata.org/entity/Q720124,Frederick Hauck,1941,male,United States,North America,,
815,http://www.wikidata.org/entity/Q128988753,Jannicke Mikkelsen,1986,female,"Norway, United Kingdom",Europe,,
816,http://www.wikidata.org/entity/Q1395516,Bill Dana,1930,male,United States,North America,,
817,http://www.wikidata.org/entity/Q5975593,Takuya Ōnishi,1975,male,Japan,Asia,,
818,http://www.wikidata.org/entity/Q235266,Liu Yang,1978,female,People's Republic of China,Asia,,
819,http://www.wikidata.org/entity/Q215124,Ulf Merbold,1941,male,"Germany, Nazi Germany, German Democratic Republic",Europe,,
820,http://www.wikidata.org/entity/Q262359,Tamara E. Jernigan,1959,female,United States,North America,,
821,http://www.wikidata.org/entity/Q109953238,Andre Douglas,1986,male,United States,North America,,
822,http://www.wikidata.org/entity/Q21110393,Sergey Nikulin,1954,male,"Soviet Union, Russia, Uzbekistan","Asia, Europe",,
823,http://www.wikidata.org/entity/Q314921,Vladimir Kovalyonok,1942,male,"Russia, Soviet Union","Europe, Asia",,
824,http://www.wikidata.org/entity/Q592219,Anton Shkaplerov,1972,male,Russia,Europe,,
825,http://www.wikidata.org/entity/Q317382,Christer Fuglesang,1957,male,Sweden,Europe,,
826,http://www.wikidata.org/entity/Q383515,Jerry L. Ross,1948,male,United States,North America,,
827,http://www.wikidata.org/entity/Q16522811,Stanley Norbert Koszelak,1953,male,United States,North America,,
828,http://www.wikidata.org/entity/Q8061829,Yusaku Maezawa,1975,male,Japan,Asia,,
829,http://www.wikidata.org/entity/Q467623,Oleg Grigoryevich Makarov,1933,male,"Russia, Soviet Union","Europe, Asia",,
830,http://www.wikidata.org/entity/Q494209,Ko San,1976,male,South Korea,Asia,,
831,http://www.wikidata.org/entity/Q9095339,Zhao Chuandong,2000,male,People's Republic of China,Asia,,
832,http://www.wikidata.org/entity/Q6390486,Ken Money,1935,male,Canada,North America,,
833,http://www.wikidata.org/entity/Q50379654,Ignat Ignatov,1982,male,Russia,Europe,,
834,http://www.wikidata.org/entity/Q26776784,Sergey Kud-Sverchkov,1983,male,"Soviet Union, Russia","Asia, Europe",,
835,http://www.wikidata.org/entity/Q152298,Gherman Titov,1935,male,"Russia, Soviet Union","Europe, Asia",,
836,http://www.wikidata.org/entity/Q128307670,Turki bin Saud bin Mohammed Al Saud,1953,male,Saudi Arabia,Asia,,
837,http://www.wikidata.org/entity/Q379946,Sultan bin Salman Al Saud,1956,male,Saudi Arabia,Asia,,
838,http://www.wikidata.org/entity/Q3194085,Kathleen Rubins,1978,female,United States,North America,,
839,http://www.wikidata.org/entity/Q435892,Luigi Broglio,1911,male,"Italy, Kingdom of Italy",Europe,,
840,http://www.wikidata.org/entity/Q717654,Donald E. Williams,1942,male,United States,North America,,
841,http://www.wikidata.org/entity/Q362190,Scott Kelly,1964,male,United States,North America,,
842,http://www.wikidata.org/entity/Q240708,Shannon Walker,1965,female,United States,North America,,
843,http://www.wikidata.org/entity/Q1338925,John Casper,1943,male,United States,North America,,
844,http://www.wikidata.org/entity/Q7358218,Roger G. DeKok,1947,male,United States,North America,,
845,http://www.wikidata.org/entity/Q24083,James M. Kelly,1964,male,United States,North America,,
846,http://www.wikidata.org/entity/Q382184,Vitaly Zholobov,1937,male,"Ukraine, Soviet Union","Europe, Asia",,
847,http://www.wikidata.org/entity/Q1385274,Ronald A. Parise,1951,male,United States,North America,,
848,http://www.wikidata.org/entity/Q557066,Frederick D. Gregory,1941,male,United States,North America,,
849,http://www.wikidata.org/entity/Q531065,Steve MacLean,1954,male,Canada,North America,,
850,http://www.wikidata.org/entity/Q573473,Charles L. Veach,1944,male,United States,North America,,
851,http://www.wikidata.org/entity/Q682970,Robert A. Rushworth,1924,male,United States,North America,,
852,http://www.wikidata.org/entity/Q166616,Thomas Reiter,1958,male,Germany,Europe,,
853,http://www.wikidata.org/entity/Q1345924,Jeffrey Ashby,1954,male,United States,North America,,
854,http://www.wikidata.org/entity/Q957250,Jay Apt,1949,male,United States,North America,,
855,http://www.wikidata.org/entity/Q7421764,Sara Seager,1971,female,"Canada, United States",North America,,
856,http://www.wikidata.org/entity/Q658221,Richard O. Covey,1946,male,United States,North America,,
857,http://www.wikidata.org/entity/Q730220,Salizhan Sharipov,1964,male,"Soviet Union, Russia","Asia, Europe",,
858,http://www.wikidata.org/entity/Q1384803,Samuel T. Durrance,1943,male,United States,North America,,
859,http://www.wikidata.org/entity/Q16522333,Paul David Ronney,1957,male,United States,North America,,
860,http://www.wikidata.org/entity/Q174979,Alan Shepard,1923,male,United States,North America,,
861,http://www.wikidata.org/entity/Q16153519,Mukhtar Aymakhanov,1967,male,"Russia, Kazakhstan","Europe, Asia",,
862,http://www.wikidata.org/entity/Q50379072,Nikolay Chub,1984,male,Russia,Europe,,
863,http://www.wikidata.org/entity/Q318965,Fred Haise,1933,male,United States,North America,,
864,http://www.wikidata.org/entity/Q15197198,Alan Eugene Johnston,1962,male,United States,North America,,
865,http://www.wikidata.org/entity/Q6969146,Nathan J. Lindsay,1936,male,United States,North America,,
866,http://www.wikidata.org/entity/Q126141912,Cserényi Gyula,1989,male,Hungary,Europe,,
